"Data","Descrição","Valor","Tipo de Pagamento","Categoria","Conta"
"01/01/2018","Amazon","11.11","Débito","Compras","Cartão Platina"
"01/02/2018","Pagamento da IPTU","1247.44","Débito","Hipoteca e Aluguel","Verificando pagamento"
"01/02/2018","Thai Restaurant","24.22","Débito","Restaurantes","Cartão Prateado"
"01/03/2018","Cartão de Crédito","2298.09","Crédito","Cartão de Crédito","Cartão Platina"
"01/04/2018","Netflix","11.76","Débito","Filmes e DVDs","Cartão Platina"
"01/05/2018","American Tavern","25.85","Débito","Restaurantes","Cartão Prateado"
"01/06/2018","Loja de Ferragens","18.45","Débito","Melhorias em Casa","Cartão Prateado"
"01/08/2018","Gas Company","45","Débito","Serviços Públicos","Verificando pagamento"
"01/08/2018","Loja de Ferragens","15.38","Débito","Melhorias em Casa","Cartão Prateado"
"01/09/2018","Spotify","10.69","Débito","Música","Cartão Platina"
"01/10/2018","Phone Company","89.46","Débito","Conta Telefonica","Verificando pagamento"
"01/11/2018","Shell","34.87","Débito","Combustível","Cartão Platina"
"01/11/2018","Supermercado","43.54","Débito","Mercearia","Cartão Platina"
"01/12/2018","Salário Quinzenal","2000","Crédito","Salário","Verificando pagamento"
"01/13/2018","Pizzaria","32.91","Débito","Fast Food","Cartão Platina"
"01/13/2018","Amazon","39.05","Débito","Compras","Cartão Platina"
"01/15/2018","Supermercado","44.19","Débito","Mercearia","Cartão Prateado"
"01/15/2018","American Tavern","64.11","Débito","Restaurantes","Cartão Prateado"
"01/16/2018","Conta de água","35","Débito","Serviços Públicos","Verificando pagamento"
"01/16/2018","Companhia de Energia","60","Débito","Serviços Públicos","Verificando pagamento"
"01/19/2018","Salário Quinzenal","2000","Crédito","Salário","Verificando pagamento"
"01/20/2018","Amazon","50.21","Débito","Compras","Cartão Platina"
"01/22/2018","Cartão de Crédito","554.99","Crédito","Cartão de Crédito","Cartão Platina"
"01/22/2018","Cartão de Crédito","309.81","Crédito","Cartão de Crédito","Cartão Prateado"
"01/22/2018","Cartão de Crédito","554.99","Débito","Cartão de Crédito","Verificando pagamento"
"01/22/2018","Loja de Ferragens","17.38","Débito","Melhorias em Casa","Cartão Prateado"
"01/23/2018","Cartão de Crédito","309.81","Débito","Cartão de Crédito","Verificando pagamento"
"01/24/2018","Starbucks","3","Débito","Cafés","Cartão Platina"
"01/25/2018","Provedor de Serviços de Internet","69.99","Débito","Internet","Verificando pagamento"
"01/29/2018","Shell","30.42","Débito","Combustível","Cartão Prateado"
"01/29/2018","Thai Restaurant","25","Débito","Restaurantes","Cartão Prateado"
"01/29/2018","Restaurante de Brunch","17.62","Débito","Restaurantes","Cartão Platina"
"02/01/2018","Supermercado","27.79","Débito","Mercearia","Cartão Platina"
"02/01/2018","Amazon","11.11","Débito","Compras","Cartão Platina"
"02/02/2018","Pagamento da IPTU","1247.44","Débito","Hipoteca e Aluguel","Verificando pagamento"
"02/02/2018","Salário Quinzenal","2000","Crédito","Salário","Verificando pagamento"
"02/03/2018","Restaurante Japonês","57.02","Débito","Restaurantes","Cartão Platina"
"02/04/2018","Netflix","11.76","Débito","Filmes e DVDs","Cartão Platina"
"02/05/2018","Cartão de Crédito","145.14","Crédito","Cartão de Crédito","Cartão Platina"
"02/06/2018","Cartão de Crédito","154.13","Crédito","Cartão de Crédito","Cartão Prateado"
"02/07/2018","Cartão de Crédito","154.13","Débito","Cartão de Crédito","Verificando pagamento"
"02/07/2018","Gas Company","65","Débito","Serviços Públicos","Verificando pagamento"
"02/09/2018","Barbershop","30","Débito","Corte de Cabelo","Cartão Platina"
"02/09/2018","Spotify","10.69","Débito","Música","Cartão Platina"
"02/10/2018","Bojangles","10.66","Débito","Fast Food","Cartão Platina"
"02/11/2018","Fancy Restaurant","106.8","Débito","Restaurantes","Cartão Platina"
"02/12/2018","Shell","36.47","Débito","Combustível","Cartão Prateado"
"02/12/2018","Phone Company","89.52","Débito","Conta Telefonica","Verificando pagamento"
"02/14/2018","Cervejaria","14","Débito","Bares e Bebidas","Cartão Prateado"
"02/15/2018","American Tavern","10","Débito","Restaurantes","Cartão Platina"
"02/15/2018","Companhia de Energia","60","Débito","Serviços Públicos","Verificando pagamento"
"02/16/2018","Salário Quinzenal","2000","Crédito","Salário","Verificando pagamento"
"02/16/2018","Restaurante de Brunch","8","Débito","Restaurantes","Cartão Prateado"
"02/16/2018","Conta de água","35","Débito","Serviços Públicos","Verificando pagamento"
"02/20/2018","Supermercado","35.95","Débito","Mercearia","Cartão Prateado"
"02/20/2018","Mexican Restaurant","23.51","Débito","Restaurantes","Cartão Prateado"
"02/21/2018","Starbucks","2","Débito","Cafés","Cartão Platina"
"02/22/2018","Starbucks","4","Débito","Cafés","Cartão Prateado"
"02/26/2018","Cartão de Crédito","765.37","Crédito","Cartão de Crédito","Cartão Platina"
"02/26/2018","Cartão de Crédito","156.11","Crédito","Cartão de Crédito","Cartão Prateado"
"02/26/2018","Cartão de Crédito","765.37","Débito","Cartão de Crédito","Verificando pagamento"
"02/26/2018","Provedor de Serviços de Internet","74.99","Débito","Internet","Verificando pagamento"
"02/26/2018","American Tavern","85.52","Débito","Restaurantes","Cartão Prateado"
"02/26/2018","Posto de Gasolina","32.21","Débito","Combustível","Cartão Prateado"
"02/27/2018","Cartão de Crédito","156.11","Débito","Cartão de Crédito","Verificando pagamento"
"03/01/2018","Supermercado","32.07","Débito","Mercearia","Cartão Prateado"
"03/01/2018","Amazon","13.13","Débito","Compras","Cartão Platina"
"03/02/2018","Pagamento da IPTU","1247.44","Débito","Hipoteca e Aluguel","Verificando pagamento"
"03/02/2018","Salário Quinzenal","2000","Crédito","Salário","Verificando pagamento"
"03/03/2018","Supermercado","23.74","Débito","Mercearia","Cartão Prateado"
"03/04/2018","Supermercado","10.69","Débito","Mercearia","Cartão Platina"
"03/04/2018","Netflix","11.76","Débito","Filmes e DVDs","Cartão Platina"
"03/04/2018","Restaurante de Churrasco","42.24","Débito","Restaurantes","Cartão Platina"
"03/05/2018","Starbucks","3","Débito","Cafés","Cartão Platina"
"03/05/2018","Cartão de Crédito","761.59","Crédito","Cartão de Crédito","Cartão Prateado"
"03/05/2018","Cartão de Crédito","761.59","Débito","Cartão de Crédito","Verificando pagamento"
"03/07/2018","Starbucks","3.5","Débito","Cafés","Cartão Platina"
"03/08/2018","BP","34.9","Débito","Combustível","Cartão Platina"
"03/08/2018","Gas Company","52","Débito","Serviços Públicos","Verificando pagamento"
"03/09/2018","Supermercado","20.72","Débito","Mercearia","Cartão Platina"
"03/09/2018","Supermercado","5.09","Débito","Mercearia","Cartão Platina"
"03/09/2018","Spotify","10.69","Débito","Música","Cartão Platina"
"03/12/2018","Supermercado","19.35","Débito","Mercearia","Cartão Platina"
"03/12/2018","Phone Company","89.52","Débito","Conta Telefonica","Verificando pagamento"
"03/13/2018","Amazon","45.75","Débito","Compras","Cartão Platina"
"03/14/2018","Supermercado","22.5","Débito","Mercearia","Cartão Platina"
"03/14/2018","Restaurante de Brunch","8.49","Débito","Restaurantes","Cartão Platina"
"03/15/2018","Starbucks","3.5","Débito","Cafés","Cartão Platina"
"03/15/2018","Companhia de Energia","60","Débito","Serviços Públicos","Verificando pagamento"
"03/16/2018","Salário Quinzenal","2000","Crédito","Salário","Verificando pagamento"
"03/17/2018","Cervejaria","19.5","Débito","Bares e Bebidas","Cartão Prateado"
"03/17/2018","Pizzaria","23.34","Débito","Fast Food","Cartão Platina"
"03/19/2018","Restaurante Mediterrâneo","36.48","Débito","Restaurantes","Cartão Prateado"
"03/19/2018","Conta de água","35","Débito","Serviços Públicos","Verificando pagamento"
"03/20/2018","Amazon","14.97","Débito","Compras","Cartão Platina"
"03/22/2018","BP","30.55","Débito","Combustível","Cartão Prateado"
"03/23/2018","Cartão de Crédito","559.91","Crédito","Cartão de Crédito","Cartão Platina"
"03/23/2018","Cartão de Crédito","559.91","Débito","Cartão de Crédito","Verificando pagamento"
"03/23/2018","Supermercado","11.76","Débito","Mercearia","Cartão Prateado"
"03/26/2018","Provedor de Serviços de Internet","74.99","Débito","Internet","Verificando pagamento"
"03/28/2018","Supermercado","16.06","Débito","Mercearia","Cartão Prateado"
"03/28/2018","Pizzaria","24.98","Débito","Restaurantes","Cartão Prateado"
"03/29/2018","Steakhouse","17.64","Débito","Restaurantes","Cartão Prateado"
"03/30/2018","Supermercado","9.09","Débito","Mercearia","Cartão Prateado"
"03/30/2018","Salário Quinzenal","2000","Crédito","Salário","Verificando pagamento"
"03/31/2018","Restaurante Belga","38.32","Débito","Restaurantes","Cartão Platina"
"03/31/2018","Chili's","24.74","Débito","Restaurantes","Cartão Platina"
"03/31/2018","Restaurante Grego","41.16","Débito","Restaurantes","Cartão Prateado"
"04/01/2018","Supermercado","80.79","Débito","Mercearia","Cartão Platina"
"04/01/2018","Cervejaria","59.48","Débito","Restaurantes","Cartão Platina"
"04/01/2018","Amazon","13.13","Débito","Compras","Cartão Platina"
"04/02/2018","Cartão de Crédito","817.14","Crédito","Cartão de Crédito","Cartão Prateado"
"04/02/2018","Cartão de Crédito","817.14","Débito","Cartão de Crédito","Verificando pagamento"
"04/02/2018","Supermercado","82.36","Débito","Mercearia","Cartão Platina"
"04/02/2018","Loja de Ferragens","13.89","Débito","Melhorias em Casa","Cartão Platina"
"04/02/2018","Pagamento da IPTU","1247.44","Débito","Hipoteca e Aluguel","Verificando pagamento"
"04/03/2018","Amazon Video","6.41","Débito","Filmes e DVDs","Cartão Platina"
"04/04/2018","Cartão de Crédito","363.08","Crédito","Cartão de Crédito","Cartão Platina"
"04/04/2018","Cartão de Crédito","363.08","Débito","Cartão de Crédito","Verificando pagamento"
"04/04/2018","Netflix","11.76","Débito","Filmes e DVDs","Cartão Platina"
"04/06/2018","Chevron","4.58","Débito","Combustível","Cartão Platina"
"04/06/2018","Tiny Deli","9.76","Débito","Restaurantes","Cartão Platina"
"04/08/2018","Irish Pub","22","Débito","Restaurantes","Cartão Platina"
"04/09/2018","Blue Sky Market","6.48","Débito","Mercearia","Cartão Prateado"
"04/09/2018","Spotify","10.69","Débito","Música","Cartão Platina"
"04/09/2018","Gas Company","30","Débito","Serviços Públicos","Verificando pagamento"
"04/11/2018","Phone Company","89.52","Débito","Conta Telefonica","Verificando pagamento"
"04/12/2018","Starbucks","7","Débito","Cafés","Cartão Platina"
"04/12/2018","Barbershop","30","Débito","Corte de Cabelo","Cartão Platina"
"04/13/2018","BP","37.98","Débito","Combustível","Cartão Platina"
"04/13/2018","Salário Quinzenal","2000","Crédito","Salário","Verificando pagamento"
"04/13/2018","American Tavern","10.66","Débito","Restaurantes","Cartão Platina"
"04/14/2018","Loja de Ferragens","11.61","Débito","Melhorias em Casa","Cartão Platina"
"04/14/2018","American Tavern","41","Débito","Restaurantes","Cartão Platina"
"04/16/2018","State Farm","75","Débito","Auto Insurance","Verificando pagamento"
"04/16/2018","Conta de água","35","Débito","Serviços Públicos","Verificando pagamento"
"04/18/2018","Companhia de Energia","60","Débito","Serviços Públicos","Verificando pagamento"
"04/20/2018","Thai Restaurant","24.22","Débito","Restaurantes","Cartão Prateado"
"04/21/2018","Supermercado","4.32","Débito","Mercearia","Cartão Prateado"
"04/21/2018","American Tavern","35.15","Débito","Restaurantes","Cartão Prateado"
"04/22/2018","Supermercado","21.32","Débito","Mercearia","Cartão Platina"
"04/23/2018","Loja de Ferragens","42.7","Débito","Melhorias em Casa","Cartão Prateado"
"04/24/2018","Loja de Ferragens","224.7","Débito","Melhorias em Casa","Cartão Platina"
"04/24/2018","Amazon","41.34","Débito","Compras","Cartão Platina"
"04/25/2018","Loja de Ferragens","210.79","Débito","Melhorias em Casa","Cartão Prateado"
"04/25/2018","Provedor de Serviços de Internet","74.99","Débito","Internet","Verificando pagamento"
"04/26/2018","Cartão de Crédito","769.72","Crédito","Cartão de Crédito","Cartão Prateado"
"04/26/2018","Cartão de Crédito","1216.94","Crédito","Cartão de Crédito","Cartão Platina"
"04/26/2018","Cartão de Crédito","1216.94","Débito","Cartão de Crédito","Verificando pagamento"
"04/27/2018","Cartão de Crédito","769.72","Débito","Cartão de Crédito","Verificando pagamento"
"04/27/2018","Salário Quinzenal","2000","Crédito","Salário","Verificando pagamento"
"04/28/2018","Supermercado","22.98","Débito","Mercearia","Cartão Prateado"
"04/29/2018","QuikTrip","39","Débito","Combustível","Cartão Platina"
"04/29/2018","Supermercado","51.05","Débito","Mercearia","Cartão Platina"
"04/29/2018","Loja de Ferragens","68.47","Débito","Melhorias em Casa","Cartão Platina"
"04/30/2018","Supermercado","5.09","Débito","Mercearia","Cartão Platina"
"05/01/2018","Amazon","13.13","Débito","Compras","Cartão Platina"
"05/02/2018","Pagamento da IPTU","1247.44","Débito","Hipoteca e Aluguel","Verificando pagamento"
"05/03/2018","Amazon","49.72","Débito","Compras","Cartão Platina"
"05/04/2018","Supermercado","42.23","Débito","Mercearia","Cartão Platina"
"05/04/2018","Netflix","11.76","Débito","Filmes e DVDs","Cartão Platina"
"05/05/2018","Bojangles","7.27","Débito","Fast Food","Cartão Platina"
"05/05/2018","Pizzaria","20.52","Débito","Fast Food","Cartão Platina"
"05/06/2018","Loja de Ferragens","22.37","Débito","Melhorias em Casa","Cartão Platina"
"05/06/2018","Amazon","117.69","Débito","Compras","Cartão Platina"
"05/09/2018","Cartão de Crédito","601.4","Crédito","Cartão de Crédito","Cartão Platina"
"05/09/2018","Cartão de Crédito","601.4","Débito","Cartão de Crédito","Verificando pagamento"
"05/09/2018","Spotify","10.69","Débito","Música","Cartão Platina"
"05/09/2018","Gas Company","30","Débito","Serviços Públicos","Verificando pagamento"
"05/10/2018","Phone Company","111.18","Débito","Conta Telefonica","Verificando pagamento"
"05/11/2018","Supermercado","57.32","Débito","Mercearia","Cartão Platina"
"05/11/2018","Salário Quinzenal","2000","Crédito","Salário","Verificando pagamento"
"05/11/2018","Mike's Construction Co.","8000","Débito","Melhorias em Casa","Verificando pagamento"
"05/12/2018","Liquor Store","27.77","Débito","Bares e Bebidas","Cartão Platina"
"05/12/2018","Shell","33.3","Débito","Combustível","Cartão Platina"
"05/12/2018","Fancy Restaurant","78","Débito","Restaurantes","Cartão Platina"
"05/14/2018","Supermercado","67.63","Débito","Mercearia","Cartão Prateado"
"05/15/2018","Companhia de Energia","60","Débito","Serviços Públicos","Verificando pagamento"
"05/17/2018","Barbershop","29","Débito","Corte de Cabelo","Cartão Prateado"
"05/17/2018","Conta de água","35","Débito","Serviços Públicos","Verificando pagamento"
"05/18/2018","State Farm","75","Débito","Auto Insurance","Verificando pagamento"
"05/18/2018","Amazon","6.41","Débito","Compras","Cartão Platina"
"05/19/2018","Cartão de Crédito","207.08","Crédito","Cartão de Crédito","Cartão Platina"
"05/19/2018","Supermercado","31","Débito","Mercearia","Cartão Prateado"
"05/19/2018","Restaurante Grego","23.26","Débito","Restaurantes","Cartão Prateado"
"05/21/2018","Cartão de Crédito","283.07","Crédito","Cartão de Crédito","Cartão Prateado"
"05/21/2018","Thai Restaurant","26.04","Débito","Restaurantes","Cartão Prateado"
"05/21/2018","Amazon","32.5","Débito","Compras","Cartão Platina"
"05/22/2018","Cartão de Crédito","283.07","Débito","Cartão de Crédito","Verificando pagamento"
"05/24/2018","BP","39.44","Débito","Combustível","Cartão Prateado"
"05/25/2018","Provedor de Serviços de Internet","74.99","Débito","Internet","Verificando pagamento"
"05/25/2018","Salário Quinzenal","2000","Crédito","Salário","Verificando pagamento"
"05/28/2018","Movie Theater","9.62","Débito","Entertainment","Cartão Prateado"
"05/28/2018","Supermercado","91.03","Débito","Mercearia","Cartão Prateado"
"05/29/2018","Movie Theater","20","Débito","Filmes e DVDs","Cartão Prateado"
"05/29/2018","Movie Theater","6.25","Débito","Filmes e DVDs","Cartão Prateado"
"06/01/2018","BP","38.63","Débito","Combustível","Cartão Platina"
"06/01/2018","Supermercado","6.11","Débito","Mercearia","Cartão Platina"
"06/01/2018","Amazon","13.13","Débito","Compras","Cartão Platina"
"06/02/2018","Cartão de Crédito","235.18","Crédito","Cartão de Crédito","Cartão Prateado"
"06/02/2018","Cartão de Crédito","466.36","Crédito","Cartão de Crédito","Cartão Platina"
"06/03/2018","Italian Restaurant","65.81","Débito","Restaurantes","Cartão Platina"
"06/04/2018","Cartão de Crédito","235.18","Débito","Cartão de Crédito","Verificando pagamento"
"06/04/2018","Supermercado","24.12","Débito","Mercearia","Cartão Platina"
"06/04/2018","Pagamento da IPTU","1247.44","Débito","Hipoteca e Aluguel","Verificando pagamento"
"06/04/2018","Netflix","11.76","Débito","Filmes e DVDs","Cartão Platina"
"06/06/2018","Starbucks","4","Débito","Cafés","Cartão Platina"
"06/08/2018","Salário Quinzenal","2000","Crédito","Salário","Verificando pagamento"
"06/08/2018","Gas Company","30","Débito","Serviços Públicos","Verificando pagamento"
"06/09/2018","Chick-Fil-A","16.18","Débito","Fast Food","Cartão Platina"
"06/09/2018","Supermercado","9.56","Débito","Mercearia","Cartão Platina"
"06/09/2018","Spotify","10.69","Débito","Música","Cartão Platina"
"06/10/2018","Supermercado","46.01","Débito","Mercearia","Cartão Platina"
"06/12/2018","Supermercado","12.55","Débito","Mercearia","Cartão Platina"
"06/12/2018","Phone Company","89.46","Débito","Conta Telefonica","Verificando pagamento"
"06/14/2018","Cartão de Crédito","283.44","Crédito","Cartão de Crédito","Cartão Platina"
"06/14/2018","Cartão de Crédito","283.44","Débito","Cartão de Crédito","Verificando pagamento"
"06/14/2018","Supermercado","7.02","Débito","Mercearia","Cartão Platina"
"06/15/2018","Companhia de Energia","60","Débito","Serviços Públicos","Verificando pagamento"
"06/16/2018","Starbucks","3","Débito","Cafés","Cartão Platina"
"06/16/2018","Pizzaria","22.66","Débito","Fast Food","Cartão Platina"
"06/16/2018","Supermercado","13.9","Débito","Mercearia","Cartão Platina"
"06/18/2018","Conta de água","35","Débito","Serviços Públicos","Verificando pagamento"
"06/19/2018","Shell","38.52","Débito","Combustível","Cartão Platina"
"06/19/2018","Supermercado","2.69","Débito","Mercearia","Cartão Platina"
"06/20/2018","State Farm","75","Débito","Auto Insurance","Verificando pagamento"
"06/20/2018","Cartão de Crédito","89.45","Crédito","Cartão de Crédito","Cartão Prateado"
"06/20/2018","Barbershop","30","Débito","Corte de Cabelo","Cartão Prateado"
"06/21/2018","Cartão de Crédito","89.45","Débito","Cartão de Crédito","Verificando pagamento"
"06/22/2018","Salário Quinzenal","2000","Crédito","Salário","Verificando pagamento"
"06/23/2018","Restaurante de Brunch","8.5","Débito","Restaurantes","Cartão Prateado"
"06/23/2018","Amazon","74.97","Débito","Compras","Cartão Platina"
"06/25/2018","Cartão de Crédito","942.76","Crédito","Cartão de Crédito","Cartão Platina"
"06/25/2018","Cartão de Crédito","942.76","Débito","Cartão de Crédito","Verificando pagamento"
"06/25/2018","Provedor de Serviços de Internet","74.99","Débito","Internet","Verificando pagamento"
"06/26/2018","Supermercado","9.62","Débito","Mercearia","Cartão Prateado"
"06/27/2018","Starbucks","3.5","Débito","Cafés","Cartão Prateado"
"06/27/2018","Pizzaria","22.66","Débito","Fast Food","Cartão Platina"
"06/28/2018","Supermercado","7.57","Débito","Mercearia","Cartão Prateado"
"07/01/2018","Amazon","13.13","Débito","Compras","Cartão Platina"
"07/02/2018","Pagamento da IPTU","1247.44","Débito","Hipoteca e Aluguel","Verificando pagamento"
"07/02/2018","Movie Theater","25","Débito","Filmes e DVDs","Cartão Prateado"
"07/02/2018","American Tavern","36.44","Débito","Restaurantes","Cartão Prateado"
"07/04/2018","BP","34.48","Débito","Combustível","Cartão Prateado"
"07/04/2018","Netflix","11.76","Débito","Filmes e DVDs","Cartão Platina"
"07/05/2018","Supermercado","44.25","Débito","Mercearia","Cartão Prateado"
"07/05/2018","Amazon","212.32","Débito","Compras","Cartão Platina"
"07/06/2018","Amazon Video","6.41","Débito","Filmes e DVDs","Cartão Platina"
"07/06/2018","Salário Quinzenal","2000","Crédito","Salário","Verificando pagamento"
"07/08/2018","Cartão de Crédito","259.87","Crédito","Cartão de Crédito","Cartão Platina"
"07/09/2018","Cartão de Crédito","242.16","Crédito","Cartão de Crédito","Cartão Prateado"
"07/09/2018","Cartão de Crédito","259.87","Débito","Cartão de Crédito","Verificando pagamento"
"07/09/2018","Spotify","10.69","Débito","Música","Cartão Platina"
"07/10/2018","Cartão de Crédito","242.16","Débito","Cartão de Crédito","Verificando pagamento"
"07/10/2018","Supermercado","5.39","Débito","Mercearia","Cartão Prateado"
"07/10/2018","Gas Company","30","Débito","Serviços Públicos","Verificando pagamento"
"07/11/2018","Phone Company","89.46","Débito","Conta Telefonica","Verificando pagamento"
"07/14/2018","Go Mart","33.51","Débito","Combustível","Cartão Prateado"
"07/15/2018","Circle K","36.24","Débito","Combustível","Cartão Platina"
"07/17/2018","Wendy's","15.23","Débito","Fast Food","Cartão Prateado"
"07/17/2018","Conta de água","35","Débito","Serviços Públicos","Verificando pagamento"
"07/17/2018","Companhia de Energia","60","Débito","Serviços Públicos","Verificando pagamento"
"07/18/2018","Irish Restaurant","28.54","Débito","Bares e Bebidas","Cartão Platina"
"07/18/2018","State Farm","75","Débito","Auto Insurance","Verificando pagamento"
"07/20/2018","Cartão de Crédito","61.43","Crédito","Cartão de Crédito","Cartão Prateado"
"07/20/2018","Cartão de Crédito","102.88","Crédito","Cartão de Crédito","Cartão Platina"
"07/20/2018","Cartão de Crédito","102.88","Débito","Cartão de Crédito","Verificando pagamento"
"07/20/2018","Salário Quinzenal","2000","Crédito","Salário","Verificando pagamento"
"07/21/2018","Supermercado","28.93","Débito","Mercearia","Cartão Platina"
"07/21/2018","Barbershop","30","Débito","Corte de Cabelo","Cartão Platina"
"07/23/2018","Cartão de Crédito","61.43","Débito","Cartão de Crédito","Verificando pagamento"
"07/23/2018","Starbucks","9.58","Débito","Fast Food","Cartão Platina"
"07/24/2018","American Tavern","26.59","Débito","Restaurantes","Cartão Platina"
"07/25/2018","Provedor de Serviços de Internet","74.99","Débito","Internet","Verificando pagamento"
"07/26/2018","Conoco","33.67","Débito","Combustível","Cartão Prateado"
"07/28/2018","Supermercado","7.61","Débito","Mercearia","Cartão Prateado"
"07/30/2018","American Tavern","34.38","Débito","Restaurantes","Cartão Prateado"
"07/31/2018","Cervejaria","6.6","Débito","Bares e Bebidas","Cartão Prateado"
"08/01/2018","Amazon","13.13","Débito","Compras","Cartão Platina"
"08/02/2018","Cartão de Crédito","816.27","Crédito","Cartão de Crédito","Cartão Platina"
"08/02/2018","Shell","40.44","Débito","Combustível","Cartão Prateado"
"08/02/2018","Pagamento da IPTU","1247.44","Débito","Hipoteca e Aluguel","Verificando pagamento"
"08/03/2018","Supermercado","6.27","Débito","Mercearia","Cartão Prateado"
"08/03/2018","Salário Quinzenal","2000","Crédito","Salário","Verificando pagamento"
"08/04/2018","Netflix","11.76","Débito","Filmes e DVDs","Cartão Platina"
"08/06/2018","Amazon","76.47","Débito","Compras","Cartão Platina"
"08/09/2018","Spotify","10.69","Débito","Música","Cartão Platina"
"08/09/2018","Gas Company","30","Débito","Serviços Públicos","Verificando pagamento"
"08/10/2018","Phone Company","89.4","Débito","Conta Telefonica","Verificando pagamento"
"08/11/2018","Chick-Fil-A","13.67","Débito","Fast Food","Cartão Platina"
"08/11/2018","Valero","33.66","Débito","Combustível","Cartão Platina"
"08/15/2018","Cartão de Crédito","269.56","Crédito","Cartão de Crédito","Cartão Prateado"
"08/15/2018","Cartão de Crédito","159.38","Crédito","Cartão de Crédito","Cartão Platina"
"08/15/2018","Shell","41.07","Débito","Combustível","Cartão Platina"
"08/15/2018","Supermercado","5.64","Débito","Mercearia","Cartão Platina"
"08/15/2018","Companhia de Energia","60","Débito","Serviços Públicos","Verificando pagamento"
"08/16/2018","Cartão de Crédito","269.56","Débito","Cartão de Crédito","Verificando pagamento"
"08/16/2018","Conta de água","35","Débito","Serviços Públicos","Verificando pagamento"
"08/17/2018","Salário Quinzenal","2000","Crédito","Salário","Verificando pagamento"
"08/17/2018","Amazon","14.98","Débito","Compras","Cartão Platina"
"08/18/2018","Amazon","23.47","Débito","Compras","Cartão Platina"
"08/20/2018","State Farm","75","Débito","Auto Insurance","Verificando pagamento"
"08/21/2018","Cartão de Crédito","34.18","Crédito","Cartão de Crédito","Cartão Prateado"
"08/21/2018","Cartão de Crédito","99.76","Crédito","Cartão de Crédito","Cartão Platina"
"08/21/2018","Cartão de Crédito","99.76","Débito","Cartão de Crédito","Verificando pagamento"
"08/22/2018","Cartão de Crédito","34.18","Débito","Cartão de Crédito","Verificando pagamento"
"08/24/2018","American Tavern","42.31","Débito","Restaurantes","Cartão Platina"
"08/27/2018","Provedor de Serviços de Internet","74.99","Débito","Internet","Verificando pagamento"
"08/30/2018","Shell","35.65","Débito","Combustível","Cartão Platina"
"08/31/2018","Supermercado","11.64","Débito","Mercearia","Cartão Platina"
"08/31/2018","Salário Quinzenal","2000","Crédito","Salário","Verificando pagamento"
"09/01/2018","Cervejaria","47.4","Débito","Bares e Bebidas","Cartão Platina"
"09/01/2018","Amazon","13.13","Débito","Compras","Cartão Platina"
"09/02/2018","Amazon","109.83","Débito","Compras","Cartão Platina"
"09/04/2018","Cartão de Crédito","687.29","Crédito","Cartão de Crédito","Cartão Platina"
"09/04/2018","Cartão de Crédito","687.29","Débito","Cartão de Crédito","Verificando pagamento"
"09/04/2018","Pagamento da IPTU","1247.44","Débito","Hipoteca e Aluguel","Verificando pagamento"
"09/04/2018","Netflix","11.76","Débito","Filmes e DVDs","Cartão Platina"
"09/07/2018","Gas Company","30","Débito","Serviços Públicos","Verificando pagamento"
"09/09/2018","Cervejaria","18","Débito","Bares e Bebidas","Cartão Platina"
"09/09/2018","Spotify","10.69","Débito","Música","Cartão Platina"
"09/11/2018","BP","38.86","Débito","Combustível","Cartão Platina"
"09/11/2018","Supermercado","7.87","Débito","Mercearia","Cartão Platina"
"09/12/2018","Supermercado","47.16","Débito","Mercearia","Cartão Platina"
"09/12/2018","Phone Company","89.4","Débito","Conta Telefonica","Verificando pagamento"
"09/13/2018","Supermercado","5.64","Débito","Mercearia","Cartão Platina"
"09/14/2018","Cartão de Crédito","134.34","Crédito","Cartão de Crédito","Cartão Platina"
"09/14/2018","Salário Quinzenal","2000","Crédito","Salário","Verificando pagamento"
"09/17/2018","Supermercado","10.17","Débito","Mercearia","Cartão Platina"
"09/17/2018","Supermercado","8.8","Débito","Mercearia","Cartão Platina"
"09/17/2018","Conta de água","35","Débito","Serviços Públicos","Verificando pagamento"
"09/18/2018","Supermercado","4.32","Débito","Mercearia","Cartão Platina"
"09/18/2018","Companhia de Energia","60","Débito","Serviços Públicos","Verificando pagamento"
"09/19/2018","State Farm","75","Débito","Auto Insurance","Verificando pagamento"
"09/19/2018","Barbershop","30","Débito","Corte de Cabelo","Cartão Platina"
"09/20/2018","Amazon","47.38","Débito","Compras","Cartão Platina"
"09/22/2018","Loja de Ferragens","69.4","Débito","Melhorias em Casa","Cartão Platina"
"09/22/2018","Loja de Ferragens","6.83","Débito","Melhorias em Casa","Cartão Platina"
"09/25/2018","Provedor de Serviços de Internet","74.99","Débito","Internet","Verificando pagamento"
"09/25/2018","Sushi Restaurant","48.64","Débito","Restaurantes","Cartão Prateado"
"09/26/2018","Starbucks","5","Débito","Cafés","Cartão Platina"
"09/26/2018","Exxon","38","Débito","Combustível","Cartão Prateado"
"09/27/2018","Valero","40.71","Débito","Combustível","Cartão Platina"
"09/28/2018","Cartão de Crédito","128.12","Crédito","Cartão de Crédito","Cartão Prateado"
"09/28/2018","Cartão de Crédito","284.96","Crédito","Cartão de Crédito","Cartão Platina"
"09/28/2018","Cartão de Crédito","284.96","Débito","Cartão de Crédito","Verificando pagamento"
"09/28/2018","Supermercado","13.36","Débito","Mercearia","Cartão Platina"
"09/28/2018","Salário Quinzenal","2000","Crédito","Salário","Verificando pagamento"
"09/29/2018","Restaurante Grego","23.26","Débito","Restaurantes","Cartão Platina"
"09/29/2018","German Restaurant","46.7","Débito","Restaurantes","Cartão Platina"
"10/01/2018","Starbucks","3","Débito","Cafés","Cartão Platina"
"10/01/2018","Cartão de Crédito","128.12","Débito","Cartão de Crédito","Verificando pagamento"
"10/01/2018","Supermercado","15.66","Débito","Mercearia","Cartão Platina"
"10/01/2018","Amazon","13.13","Débito","Compras","Cartão Platina"
"10/02/2018","Cartão de Crédito","124.03","Crédito","Cartão de Crédito","Cartão Platina"
"10/02/2018","Cartão de Crédito","124.03","Débito","Cartão de Crédito","Verificando pagamento"
"10/02/2018","Pagamento da IPTU","1209.18","Débito","Hipoteca e Aluguel","Verificando pagamento"
"10/04/2018","Netflix","11.76","Débito","Filmes e DVDs","Cartão Platina"
"10/06/2018","American Tavern","27","Débito","Restaurantes","Cartão Prateado"
"10/08/2018","Shell","38.06","Débito","Combustível","Cartão Prateado"
"10/08/2018","Loja de Ferragens","80.65","Débito","Melhorias em Casa","Cartão Prateado"
"10/08/2018","Loja de Ferragens","31.2","Débito","Melhorias em Casa","Cartão Prateado"
"10/09/2018","Spotify","10.69","Débito","Música","Cartão Platina"
"10/09/2018","Amazon","19.98","Débito","Compras","Cartão Platina"
"10/09/2018","Gas Company","30","Débito","Serviços Públicos","Verificando pagamento"
"10/10/2018","Supermercado","53.68","Débito","Mercearia","Cartão Prateado"
"10/11/2018","Phone Company","89.4","Débito","Conta Telefonica","Verificando pagamento"
"10/12/2018","Salário Quinzenal","2000","Crédito","Salário","Verificando pagamento"
"10/16/2018","Companhia de Energia","60","Débito","Serviços Públicos","Verificando pagamento"
"10/17/2018","Conta de água","35","Débito","Serviços Públicos","Verificando pagamento"
"10/18/2018","State Farm","75","Débito","Auto Insurance","Verificando pagamento"
"10/18/2018","Supermercado","33.55","Débito","Mercearia","Cartão Platina"
"10/18/2018","Loja de Ferragens","45.24","Débito","Melhorias em Casa","Cartão Platina"
"10/18/2018","Restaurante de Brunch","8","Débito","Restaurantes","Cartão Platina"
"10/21/2018","Cartão de Crédito","544.37","Crédito","Cartão de Crédito","Cartão Platina"
"10/22/2018","Cartão de Crédito","353.83","Crédito","Cartão de Crédito","Cartão Prateado"
"10/22/2018","Cartão de Crédito","353.83","Débito","Cartão de Crédito","Verificando pagamento"
"10/22/2018","BP","34.66","Débito","Combustível","Cartão Platina"
"10/23/2018","Supermercado","7.57","Débito","Mercearia","Cartão Platina"
"10/25/2018","Provedor de Serviços de Internet","74.99","Débito","Internet","Verificando pagamento"
"10/25/2018","Amazon","29.98","Débito","Compras","Cartão Platina"
"10/26/2018","Salário Quinzenal","2000","Crédito","Salário","Verificando pagamento"
"10/27/2018","American Tavern","25.4","Débito","Restaurantes","Cartão Prateado"
"10/28/2018","Cervejaria","12.71","Débito","Bares e Bebidas","Cartão Platina"
"10/28/2018","Seafood Restaurant","14.75","Débito","Food & Dining","Cartão Platina"
"10/28/2018","Supermercado","92.49","Débito","Mercearia","Cartão Platina"
"10/28/2018","Italian Restaurant","54","Débito","Restaurantes","Cartão Platina"
"10/31/2018","Supermercado","5.64","Débito","Mercearia","Cartão Platina"
"11/01/2018","Amazon","13.13","Débito","Compras","Cartão Platina"
"11/02/2018","Cartão de Crédito","262.51","Crédito","Cartão de Crédito","Cartão Platina"
"11/02/2018","Cartão de Crédito","262.51","Débito","Cartão de Crédito","Verificando pagamento"
"11/02/2018","Pagamento da IPTU","1209.18","Débito","Hipoteca e Aluguel","Verificando pagamento"
"11/03/2018","Pizzaria","23.66","Débito","Fast Food","Cartão Platina"
"11/04/2018","Netflix","11.76","Débito","Filmes e DVDs","Cartão Platina"
"11/05/2018","Shell","36.51","Débito","Combustível","Cartão Platina"
"11/06/2018","Amazon","53.95","Débito","Compras","Cartão Platina"
"11/06/2018","Gas Company","30","Débito","Serviços Públicos","Verificando pagamento"
"11/08/2018","Supermercado","5.64","Débito","Mercearia","Cartão Platina"
"11/09/2018","Spotify","10.69","Débito","Música","Cartão Platina"
"11/09/2018","Salário Quinzenal","2000","Crédito","Salário","Verificando pagamento"
"11/10/2018","Cervejaria","27","Débito","Bares e Bebidas","Cartão Platina"
"11/10/2018","Chick-Fil-A","14.19","Débito","Fast Food","Cartão Platina"
"11/10/2018","Food Truck","24.4","Débito","Mercearia","Cartão Platina"
"11/12/2018","Supermercado","10.18","Débito","Mercearia","Cartão Platina"
"11/12/2018","American Tavern","22.33","Débito","Restaurantes","Cartão Prateado"
"11/13/2018","Supermercado","4.8","Débito","Mercearia","Cartão Platina"
"11/13/2018","Supermercado","37.43","Débito","Mercearia","Cartão Platina"
"11/13/2018","Supermercado","10.15","Débito","Mercearia","Cartão Platina"
"11/13/2018","Phone Company","89.54","Débito","Conta Telefonica","Verificando pagamento"
"11/14/2018","Companhia de Energia","60","Débito","Serviços Públicos","Verificando pagamento"
"11/16/2018","Conta de água","35","Débito","Serviços Públicos","Verificando pagamento"
"11/17/2018","Cervejaria","22.8","Débito","Bares e Bebidas","Cartão Platina"
"11/17/2018","Loja de Ferragens","15.47","Débito","Melhorias em Casa","Cartão Platina"
"11/17/2018","Loja de Ferragens","6.4","Débito","Melhorias em Casa","Cartão Platina"
"11/17/2018","Restaurante Grego","23.26","Débito","Restaurantes","Cartão Platina"
"11/19/2018","Cervejaria","20","Débito","Bares e Bebidas","Cartão Prateado"
"11/19/2018","QuikTrip","29.15","Débito","Combustível","Cartão Prateado"
"11/19/2018","Loja de Ferragens","10.02","Débito","Melhorias em Casa","Cartão Prateado"
"11/20/2018","State Farm","75","Débito","Auto Insurance","Verificando pagamento"
"11/20/2018","Cartão de Crédito","421.96","Crédito","Cartão de Crédito","Cartão Platina"
"11/21/2018","Supermercado","5.64","Débito","Mercearia","Cartão Prateado"
"11/21/2018","Loja de Ferragens","37.41","Débito","Melhorias em Casa","Cartão Platina"
"11/23/2018","Salário Quinzenal","2000","Crédito","Salário","Verificando pagamento"
"11/26/2018","American Tavern","16.8","Débito","Bares e Bebidas","Cartão Prateado"
"11/26/2018","Provedor de Serviços de Internet","74.99","Débito","Internet","Verificando pagamento"
"11/27/2018","Movie Theater","17","Débito","Filmes e DVDs","Cartão Prateado"
"11/27/2018","American Tavern","28.4","Débito","Restaurantes","Cartão Prateado"
"11/29/2018","Cartão de Crédito","582.99","Crédito","Cartão de Crédito","Cartão Prateado"
"11/29/2018","Cartão de Crédito","751.5","Crédito","Cartão de Crédito","Cartão Platina"
"11/30/2018","Cartão de Crédito","582.99","Débito","Cartão de Crédito","Verificando pagamento"
"11/30/2018","Supermercado","6.27","Débito","Mercearia","Cartão Prateado"
"12/01/2018","Supermercado","5.64","Débito","Mercearia","Cartão Prateado"
"12/01/2018","Restaurante de Brunch","8","Débito","Restaurantes","Cartão Prateado"
"12/01/2018","Amazon","13.13","Débito","Compras","Cartão Platina"
"12/03/2018","BP","30.03","Débito","Combustível","Cartão Prateado"
"12/03/2018","Supermercado","148.15","Débito","Mercearia","Cartão Prateado"
"12/03/2018","Pagamento da IPTU","1209.18","Débito","Hipoteca e Aluguel","Verificando pagamento"
"12/04/2018","Starbucks","3","Débito","Cafés","Cartão Prateado"
"12/04/2018","Latin Restaurant","20.65","Débito","Fast Food","Cartão Platina"
"12/04/2018","Netflix","11.76","Débito","Filmes e DVDs","Cartão Platina"
"12/06/2018","Supermercado","21.38","Débito","Mercearia","Cartão Platina"
"12/06/2018","Supermercado","13.48","Débito","Mercearia","Cartão Platina"
"12/06/2018","Gas Company","40","Débito","Serviços Públicos","Verificando pagamento"
"12/07/2018","Barbershop","30","Débito","Corte de Cabelo","Cartão Platina"
"12/07/2018","Salário Quinzenal","2000","Crédito","Salário","Verificando pagamento"
"12/08/2018","Supermercado","12.64","Débito","Mercearia","Cartão Platina"
"12/09/2018","Spotify","10.69","Débito","Música","Cartão Platina"
"12/11/2018","Restaurante de Brunch","10.29","Débito","Restaurantes","Cartão Platina"
"12/12/2018","Phone Company","89.54","Débito","Conta Telefonica","Verificando pagamento"
"12/13/2018","Thai Restaurant","27","Débito","Restaurantes","Cartão Prateado"
"12/14/2018","Supermercado","21.39","Débito","Mercearia","Cartão Prateado"
"12/14/2018","Loja de Ferragens","17.1","Débito","Melhorias em Casa","Cartão Prateado"
"12/14/2018","Companhia de Energia","60","Débito","Serviços Públicos","Verificando pagamento"
"12/17/2018","American Tavern","63","Débito","Food & Dining","Cartão Prateado"
"12/17/2018","BP","20.01","Débito","Combustível","Cartão Prateado"
"12/17/2018","Conta de água","35","Débito","Serviços Públicos","Verificando pagamento"
"12/18/2018","Starbucks","3","Débito","Cafés","Cartão Prateado"
"12/18/2018","Cartão de Crédito","311.02","Crédito","Cartão de Crédito","Cartão Platina"
"12/18/2018","Cartão de Crédito","311.02","Débito","Cartão de Crédito","Verificando pagamento"
"12/18/2018","Fancy Restaurant","56.52","Débito","Restaurantes","Cartão Prateado"
"12/18/2018","Amazon","49.99","Débito","Compras","Cartão Platina"
"12/18/2018","Amazon","41.72","Débito","Compras","Cartão Platina"
"12/18/2018","Amazon","24.3","Débito","Compras","Cartão Platina"
"12/19/2018","State Farm","75","Débito","Auto Insurance","Verificando pagamento"
"12/19/2018","Amazon","43.01","Débito","Compras","Cartão Platina"
"12/20/2018","Cartão de Crédito","464.03","Crédito","Cartão de Crédito","Cartão Prateado"
"12/20/2018","Shell","30.38","Débito","Combustível","Cartão Prateado"
"12/21/2018","Cartão de Crédito","464.03","Débito","Cartão de Crédito","Verificando pagamento"
"12/21/2018","Salário Quinzenal","2000","Crédito","Salário","Verificando pagamento"
"12/22/2018","New York Deli","21.38","Débito","Fast Food","Cartão Platina"
"12/22/2018","Loja de Ferragens","22.14","Débito","Melhorias em Casa","Cartão Platina"
"12/23/2018","Loja de Ferragens","28","Débito","Melhorias em Casa","Cartão Platina"
"12/24/2018","Loja de Ferragens","38.4","Débito","Melhorias em Casa","Cartão Platina"
"12/26/2018","Chick-Fil-A","56.07","Débito","Fast Food","Cartão Platina"
"12/26/2018","Shell","32.47","Débito","Combustível","Cartão Platina"
"12/26/2018","Shell","7.48","Débito","Combustível","Cartão Platina"
"12/26/2018","Provedor de Serviços de Internet","75.99","Débito","Internet","Verificando pagamento"
"12/26/2018","Amazon","44.99","Débito","Compras","Cartão Platina"
"12/28/2018","Cervejaria","12","Débito","Bares e Bebidas","Cartão Prateado"
"12/29/2018","Cervejaria","14","Débito","Bares e Bebidas","Cartão Prateado"
"12/29/2018","Cartão de Crédito","860.05","Crédito","Cartão de Crédito","Cartão Platina"
"12/29/2018","Supermercado","55.04","Débito","Mercearia","Cartão Prateado"
"01/01/2019","Amazon","13.09","Débito","Compras","Cartão Platina"
"01/02/2019","Cartão de Crédito","499.6","Débito","Cartão de Crédito","Verificando pagamento"
"01/03/2019","Pagamento da IPTU","1100","Débito","Hipoteca e Aluguel","Verificando pagamento"
"01/03/2019","Amazon","42.1","Débito","Compras","Cartão Platina"
"01/04/2019","Salário Quinzenal","2000","Crédito","Salário","Verificando pagamento"
"01/05/2019","American Tavern","23.49","Débito","Restaurantes","Cartão Platina"
"01/08/2019","Gas Company","45","Débito","Serviços Públicos","Verificando pagamento"
"01/09/2019","Cartão de Crédito","491.45","Crédito","Cartão de Crédito","Cartão Platina"
"01/09/2019","Cartão de Crédito","491.45","Débito","Cartão de Crédito","Verificando pagamento"
"01/09/2019","Cartão de Crédito","281.84","Débito","Cartão de Crédito","Verificando pagamento"
"01/09/2019","Spotify","10.69","Débito","Música","Cartão Platina"
"01/10/2019","Supermercado","58.79","Débito","Mercearia","Cartão Prateado"
"01/10/2019","Barbershop","30","Débito","Corte de Cabelo","Cartão Prateado"
"01/10/2019","Phone Company","65","Débito","Conta Telefonica","Verificando pagamento"
"01/14/2019","Shell","28.92","Débito","Combustível","Cartão Prateado"
"01/15/2019","Supermercado","6.06","Débito","Mercearia","Cartão Prateado"
"01/16/2019","Conta de água","35","Débito","Serviços Públicos","Verificando pagamento"
"01/16/2019","Companhia de Energia","60","Débito","Serviços Públicos","Verificando pagamento"
"01/18/2019","State Farm","75","Débito","Auto Insurance","Verificando pagamento"
"01/18/2019","Salário Quinzenal","2000","Crédito","Salário","Verificando pagamento"
"01/21/2019","Cartão de Crédito","277.99","Crédito","Cartão de Crédito","Cartão Prateado"
"01/22/2019","Cartão de Crédito","277.99","Débito","Cartão de Crédito","Verificando pagamento"
"01/24/2019","Supermercado","21.06","Débito","Mercearia","Cartão Prateado"
"01/24/2019","Amazon","11.7","Débito","Compras","Cartão Platina"
"01/24/2019","Amazon","4.21","Débito","Compras","Cartão Platina"
"01/25/2019","Provedor de Serviços de Internet","75","Débito","Internet","Verificando pagamento"
"01/31/2019","Cartão de Crédito","1900","Débito","Cartão de Crédito","Verificando pagamento"
"01/31/2019","Shell","31.32","Débito","Combustível","Cartão Prateado"
"02/01/2019","Salário Quinzenal","2000","Crédito","Salário","Verificando pagamento"
"02/01/2019","Roadside Diner","9.47","Débito","Restaurantes","Cartão Prateado"
"02/01/2019","Amazon","13.09","Débito","Compras","Cartão Platina"
"02/04/2019","Loja de Ferragens","86.97","Débito","Melhorias em Casa","Cartão Prateado"
"02/04/2019","Netflix","11.76","Débito","Television","Cartão Platina"
"02/05/2019","Pagamento da IPTU","1100","Débito","Hipoteca e Aluguel","Verificando pagamento"
"02/07/2019","Gas Company","65","Débito","Serviços Públicos","Verificando pagamento"
"02/08/2019","Starbucks","3","Débito","Cafés","Cartão Platina"
"02/08/2019","Thai Restaurant","27.47","Débito","Restaurantes","Cartão Platina"
"02/09/2019","Spotify","10.69","Débito","Música","Cartão Platina"
"02/11/2019","Starbucks","3","Débito","Cafés","Cartão Platina"
"02/11/2019","Cartão de Crédito","133.95","Débito","Cartão de Crédito","Verificando pagamento"
"02/11/2019","BP","24.01","Débito","Combustível","Cartão Platina"
"02/12/2019","Supermercado","30.54","Débito","Mercearia","Cartão Platina"
"02/12/2019","Phone Company","65","Débito","Conta Telefonica","Verificando pagamento"
"02/13/2019","Supermercado","8.21","Débito","Mercearia","Cartão Platina"
"02/15/2019","Cartão de Crédito","207.47","Crédito","Cartão de Crédito","Cartão Platina"
"02/15/2019","Cartão de Crédito","207.47","Débito","Cartão de Crédito","Verificando pagamento"
"02/15/2019","Supermercado","4.59","Débito","Mercearia","Cartão Platina"
"02/15/2019","Salário Quinzenal","2000","Crédito","Salário","Verificando pagamento"
"02/15/2019","Companhia de Energia","60","Débito","Serviços Públicos","Verificando pagamento"
"02/16/2019","Cervejaria","8","Débito","Bares e Bebidas","Cartão Platina"
"02/16/2019","American Tavern","32.75","Débito","Restaurantes","Cartão Platina"
"02/16/2019","Amazon","37.45","Débito","Compras","Cartão Platina"
"02/19/2019","Cartão de Crédito","574.84","Débito","Cartão de Crédito","Verificando pagamento"
"02/19/2019","Conta de água","35","Débito","Serviços Públicos","Verificando pagamento"
"02/20/2019","State Farm","75","Débito","Auto Insurance","Verificando pagamento"
"02/20/2019","Cartão de Crédito","292.54","Crédito","Cartão de Crédito","Cartão Prateado"
"02/20/2019","Barbershop","30","Débito","Corte de Cabelo","Cartão Platina"
"02/21/2019","Cartão de Crédito","292.54","Débito","Cartão de Crédito","Verificando pagamento"
"02/21/2019","Supermercado","46.96","Débito","Mercearia","Cartão Prateado"
"02/25/2019","BP","33.8","Débito","Combustível","Cartão Prateado"
"02/25/2019","Provedor de Serviços de Internet","75","Débito","Internet","Verificando pagamento"
"02/27/2019","Roadside Diner","25.77","Débito","Restaurantes","Cartão Prateado"
"02/28/2019","Supermercado","32.07","Débito","Mercearia","Cartão Prateado"
"03/01/2019","Salário Quinzenal","2000","Crédito","Salário","Verificando pagamento"
"03/01/2019","Amazon","13.09","Débito","Compras","Cartão Platina"
"03/04/2019","Supermercado","92.04","Débito","Mercearia","Cartão Prateado"
"03/04/2019","Pagamento da IPTU","1100","Débito","Hipoteca e Aluguel","Verificando pagamento"
"03/04/2019","Netflix","11.76","Débito","Television","Cartão Platina"
"03/05/2019","Fancy Restaurant","7","Débito","Restaurantes","Cartão Prateado"
"03/06/2019","Cartão de Crédito","491.86","Débito","Cartão de Crédito","Verificando pagamento"
"03/08/2019","BP","34.08","Débito","Combustível","Cartão Platina"
"03/08/2019","Amazon","27.17","Débito","Compras","Cartão Platina"
"03/08/2019","Gas Company","49","Débito","Serviços Públicos","Verificando pagamento"
"03/09/2019","Spotify","10.69","Débito","Música","Cartão Platina"
"03/12/2019","Phone Company","65","Débito","Conta Telefonica","Verificando pagamento"
"03/12/2019","Bakery Place","3.02","Débito","Restaurantes","Cartão Platina"
"03/13/2019","Cartão de Crédito","532.86","Crédito","Cartão de Crédito","Cartão Platina"
"03/13/2019","Cartão de Crédito","301.79","Crédito","Cartão de Crédito","Cartão Prateado"
"03/14/2019","Cartão de Crédito","305.27","Débito","Cartão de Crédito","Verificando pagamento"
"03/14/2019","Cartão de Crédito","301.79","Débito","Cartão de Crédito","Verificando pagamento"
"03/14/2019","Restaurante de Brunch","8","Débito","Restaurantes","Cartão Platina"
"03/15/2019","Salário Quinzenal","2000","Crédito","Salário","Verificando pagamento"
"03/15/2019","Companhia de Energia","60","Débito","Serviços Públicos","Verificando pagamento"
"03/18/2019","Best Buy","320.99","Débito","Electronics & Software","Cartão Platina"
"03/18/2019","Supermercado","16.23","Débito","Mercearia","Cartão Platina"
"03/19/2019","Amazon","13.84","Débito","Compras","Cartão Platina"
"03/19/2019","Conta de água","35","Débito","Serviços Públicos","Verificando pagamento"
"03/20/2019","State Farm","75","Débito","Auto Insurance","Verificando pagamento"
"03/22/2019","BP","37.51","Débito","Combustível","Cartão Platina"
"03/23/2019","Starbucks","5.2","Débito","Cafés","Cartão Platina"
"03/25/2019","Provedor de Serviços de Internet","75","Débito","Internet","Verificando pagamento"
"03/26/2019","Amazon","16.04","Débito","Compras","Cartão Platina"
"03/27/2019","Cervejaria","49.63","Débito","Bares e Bebidas","Cartão Platina"
"03/27/2019","Supermercado","4.46","Débito","Mercearia","Cartão Platina"
"03/29/2019","Salário Quinzenal","2000","Crédito","Salário","Verificando pagamento"
"03/30/2019","Starbucks","12.84","Débito","Cafés","Cartão Platina"
"03/31/2019","Cartão de Crédito","957.6","Crédito","Cartão de Crédito","Cartão Platina"
"04/01/2019","Cartão de Crédito","1552.65","Débito","Cartão de Crédito","Verificando pagamento"
"04/01/2019","Cartão de Crédito","600.51","Crédito","Cartão de Crédito","Cartão Platina"
"04/01/2019","Amazon","13.09","Débito","Compras","Cartão Platina"
"04/02/2019","Pagamento da IPTU","1100","Débito","Hipoteca e Aluguel","Verificando pagamento"
"04/04/2019","Supermercado","5.64","Débito","Mercearia","Cartão Platina"
"04/04/2019","Amazon","35.9","Débito","Compras","Cartão Platina"
"04/04/2019","Netflix","11.76","Débito","Television","Cartão Platina"
"04/06/2019","Amazon","27.54","Débito","Compras","Cartão Platina"
"04/08/2019","Gas Company","30","Débito","Serviços Públicos","Verificando pagamento"
"04/09/2019","Cartão de Crédito","436.75","Débito","Cartão de Crédito","Verificando pagamento"
"04/09/2019","Supermercado","10.7","Débito","Mercearia","Cartão Platina"
"04/09/2019","Barbershop","30","Débito","Corte de Cabelo","Cartão Platina"
"04/09/2019","Spotify","10.69","Débito","Música","Cartão Platina"
"04/10/2019","Phone Company","65","Débito","Conta Telefonica","Verificando pagamento"
"04/12/2019","Best Buy","44.93","Débito","Electronics & Software","Cartão Prateado"
"04/12/2019","Supermercado","41.34","Débito","Mercearia","Cartão Platina"
"04/12/2019","Salário Quinzenal","2000","Crédito","Salário","Verificando pagamento"
"04/13/2019","QuikTrip","38.94","Débito","Combustível","Cartão Platina"
"04/13/2019","Supermercado","16.87","Débito","Mercearia","Cartão Platina"
"04/13/2019","Vietnamese Restaurant","20.64","Débito","Restaurantes","Cartão Platina"
"04/15/2019","Companhia de Energia","60","Débito","Serviços Públicos","Verificando pagamento"
"04/16/2019","Conta de água","35","Débito","Serviços Públicos","Verificando pagamento"
"04/18/2019","State Farm","75","Débito","Auto Insurance","Verificando pagamento"
"04/18/2019","Cartão de Crédito","604.32","Crédito","Cartão de Crédito","Cartão Prateado"
"04/18/2019","Cartão de Crédito","458.1","Crédito","Cartão de Crédito","Cartão Platina"
"04/19/2019","Cartão de Crédito","604.32","Débito","Cartão de Crédito","Verificando pagamento"
"04/19/2019","Supermercado","10.89","Débito","Mercearia","Cartão Platina"
"04/22/2019","Cervejaria","14.4","Débito","Bares e Bebidas","Cartão Prateado"
"04/22/2019","Restaurante Grego","64.52","Débito","Restaurantes","Cartão Prateado"
"04/23/2019","Loja de Ferragens","29.56","Débito","Melhorias em Casa","Cartão Prateado"
"04/25/2019","Provedor de Serviços de Internet","75","Débito","Internet","Verificando pagamento"
"04/26/2019","Salário Quinzenal","2000","Crédito","Salário","Verificando pagamento"
"04/27/2019","Cervejaria","40","Débito","Bares e Bebidas","Cartão Platina"
"04/27/2019","Cartão de Crédito","268.96","Crédito","Cartão de Crédito","Cartão Prateado"
"04/27/2019","American Tavern","14.74","Débito","Restaurantes","Cartão Prateado"
"04/29/2019","Cartão de Crédito","268.96","Débito","Cartão de Crédito","Verificando pagamento"
"04/29/2019","Supermercado","5.64","Débito","Mercearia","Cartão Platina"
"04/30/2019","BP","39.08","Débito","Combustível","Cartão Platina"
"05/01/2019","Amazon","13.09","Débito","Compras","Cartão Platina"
"05/02/2019","Pagamento da IPTU","1100","Débito","Hipoteca e Aluguel","Verificando pagamento"
"05/03/2019","Cartão de Crédito","758.07","Débito","Cartão de Crédito","Verificando pagamento"
"05/04/2019","Netflix","13.9","Débito","Television","Cartão Platina"
"05/06/2019","Amazon","16.94","Débito","Compras","Cartão Platina"
"05/07/2019","Amazon","38.56","Débito","Compras","Cartão Platina"
"05/09/2019","Best Buy","331.69","Débito","Electronics & Software","Cartão Platina"
"05/09/2019","Spotify","10.69","Débito","Música","Cartão Platina"
"05/09/2019","Target","3.2","Débito","Compras","Cartão Platina"
"05/09/2019","Gas Company","30","Débito","Serviços Públicos","Verificando pagamento"
"05/10/2019","Best Buy","21.39","Débito","Electronics & Software","Cartão Prateado"
"05/10/2019","Phone Company","65","Débito","Conta Telefonica","Verificando pagamento"
"05/10/2019","Salário Quinzenal","2000","Crédito","Salário","Verificando pagamento"
"05/13/2019","Cartão de Crédito","480.88","Débito","Cartão de Crédito","Verificando pagamento"
"05/13/2019","QuikTrip","35.24","Débito","Combustível","Cartão Prateado"
"05/13/2019","Fancy Restaurant","98.19","Débito","Restaurantes","Cartão Prateado"
"05/13/2019","Restaurante Grego","23.11","Débito","Restaurantes","Cartão Prateado"
"05/14/2019","Supermercado","2.02","Débito","Mercearia","Cartão Prateado"
"05/15/2019","Companhia de Energia","60","Débito","Serviços Públicos","Verificando pagamento"
"05/17/2019","Cartão de Crédito","575.33","Crédito","Cartão de Crédito","Cartão Platina"
"05/17/2019","Conta de água","35","Débito","Serviços Públicos","Verificando pagamento"
"05/20/2019","State Farm","75","Débito","Auto Insurance","Verificando pagamento"
"05/20/2019","Cartão de Crédito","415.47","Débito","Cartão de Crédito","Verificando pagamento"
"05/20/2019","American Tavern","32.53","Débito","Restaurantes","Cartão Prateado"
"05/24/2019","Cartão de Crédito","765.68","Crédito","Cartão de Crédito","Cartão Prateado"
"05/24/2019","Loja de Ferragens","27.96","Débito","Melhorias em Casa","Cartão Platina"
"05/24/2019","Salário Quinzenal","2000","Crédito","Salário","Verificando pagamento"
"05/24/2019","Restaurante de Brunch","8","Débito","Restaurantes","Cartão Platina"
"05/25/2019","QuikTrip","36.76","Débito","Combustível","Cartão Platina"
"05/25/2019","Loja de Ferragens","30.99","Débito","Melhorias em Casa","Cartão Platina"
"05/27/2019","Mexican Restaurant","34.33","Débito","Restaurantes","Cartão Platina"
"05/28/2019","Cartão de Crédito","765.68","Débito","Cartão de Crédito","Verificando pagamento"
"05/30/2019","Provedor de Serviços de Internet","75","Débito","Internet","Verificando pagamento"
"05/30/2019","American Tavern","34.82","Débito","Restaurantes","Cartão Platina"
"06/01/2019","Amazon","13.09","Débito","Compras","Cartão Platina"
"06/03/2019","Starbucks","2.75","Débito","Cafés","Cartão Platina"
"06/03/2019","Cartão de Crédito","260.95","Crédito","Cartão de Crédito","Cartão Platina"
"06/03/2019","Pagamento da IPTU","1100","Débito","Hipoteca e Aluguel","Verificando pagamento"
"06/04/2019","Barbershop","30","Débito","Corte de Cabelo","Cartão Platina"
"06/04/2019","Netflix","13.9","Débito","Television","Cartão Platina"
"06/05/2019","Supermercado","23","Débito","Mercearia","Cartão Platina"
"06/05/2019","Mexican Restaurant","23.24","Débito","Restaurantes","Cartão Platina"
"06/06/2019","Starbucks","3.75","Débito","Cafés","Cartão Platina"
"06/06/2019","Supermercado","5.64","Débito","Mercearia","Cartão Platina"
"06/07/2019","Cartão de Crédito","458.56","Débito","Cartão de Crédito","Verificando pagamento"
"06/07/2019","Salário Quinzenal","2000","Crédito","Salário","Verificando pagamento"
"06/07/2019","Gas Company","30","Débito","Serviços Públicos","Verificando pagamento"
"06/09/2019","Spotify","10.69","Débito","Música","Cartão Platina"
"06/12/2019","Phone Company","65","Débito","Conta Telefonica","Verificando pagamento"
"06/13/2019","Cartão de Crédito","152.72","Crédito","Cartão de Crédito","Cartão Platina"
"06/13/2019","Cartão de Crédito","152.72","Débito","Cartão de Crédito","Verificando pagamento"
"06/14/2019","Supermercado","10.69","Débito","Mercearia","Cartão Prateado"
"06/15/2019","BP","33.16","Débito","Combustível","Cartão Prateado"
"06/17/2019","Conta de água","35","Débito","Serviços Públicos","Verificando pagamento"
"06/17/2019","Companhia de Energia","60","Débito","Serviços Públicos","Verificando pagamento"
"06/18/2019","Cervejaria","15","Débito","Bares e Bebidas","Cartão Prateado"
"06/18/2019","Shell","41.83","Débito","Combustível","Cartão Prateado"
"06/19/2019","State Farm","75","Débito","Auto Insurance","Verificando pagamento"
"06/20/2019","Cartão de Crédito","375.26","Débito","Cartão de Crédito","Verificando pagamento"
"06/20/2019","Mike's Construction Co.","9200","Débito","Melhorias em Casa","Verificando pagamento"
"06/20/2019","Cartão de Crédito","100.68","Crédito","Cartão de Crédito","Cartão Prateado"
"06/21/2019","Cartão de Crédito","100.68","Débito","Cartão de Crédito","Verificando pagamento"
"06/21/2019","Salário Quinzenal","2000","Crédito","Salário","Verificando pagamento"
"06/24/2019","Cervejaria","15","Débito","Bares e Bebidas","Cartão Prateado"
"06/28/2019","BP","30.64","Débito","Combustível","Cartão Prateado"
"06/30/2019","Provedor de Serviços de Internet","75","Débito","Internet","Verificando pagamento"
"07/01/2019","Starbucks","7","Débito","Cafés","Cartão Prateado"
"07/01/2019","Supermercado","99.47","Débito","Mercearia","Cartão Prateado"
"07/01/2019","Hawaiian Grill","24.97","Débito","Restaurantes","Cartão Prateado"
"07/01/2019","Thai Restaurant","24","Débito","Restaurantes","Cartão Prateado"
"07/01/2019","Amazon","13.09","Débito","Compras","Cartão Platina"
"07/02/2019","Loja de Ferragens","229.9","Débito","Melhorias em Casa","Cartão Platina"
"07/02/2019","Pagamento da IPTU","1100","Débito","Hipoteca e Aluguel","Verificando pagamento"
"07/04/2019","Netflix","13.9","Débito","Television","Cartão Platina"
"07/05/2019","Cervejaria","19","Débito","Bares e Bebidas","Cartão Prateado"
"07/05/2019","Salário Quinzenal","2250","Crédito","Salário","Verificando pagamento"
"07/06/2019","Cartão de Crédito","220.08","Crédito","Cartão de Crédito","Cartão Prateado"
"07/06/2019","Supermercado","92.98","Débito","Mercearia","Cartão Platina"
"07/06/2019","Restaurante Grego","23.26","Débito","Restaurantes","Cartão Platina"
"07/07/2019","Loja de Ferragens","103.14","Débito","Melhorias em Casa","Cartão Platina"
"07/08/2019","Cartão de Crédito","305.28","Débito","Cartão de Crédito","Verificando pagamento"
"07/08/2019","Cartão de Crédito","220.08","Débito","Cartão de Crédito","Verificando pagamento"
"07/09/2019","Cartão de Crédito","549.72","Crédito","Cartão de Crédito","Cartão Platina"
"07/09/2019","Spotify","10.69","Débito","Música","Cartão Platina"
"07/10/2019","Phone Company","65","Débito","Conta Telefonica","Verificando pagamento"
"07/10/2019","Gas Company","30","Débito","Serviços Públicos","Verificando pagamento"
"07/15/2019","Supermercado","87.14","Débito","Mercearia","Cartão Prateado"
"07/16/2019","Amazon","89.99","Débito","Compras","Cartão Platina"
"07/16/2019","Companhia de Energia","60","Débito","Serviços Públicos","Verificando pagamento"
"07/17/2019","Conta de água","35","Débito","Serviços Públicos","Verificando pagamento"
"07/18/2019","State Farm","75","Débito","Auto Insurance","Verificando pagamento"
"07/18/2019","Cartão de Crédito","814.5","Débito","Cartão de Crédito","Verificando pagamento"
"07/18/2019","BP","36.42","Débito","Combustível","Cartão Prateado"
"07/18/2019","Supermercado","29.83","Débito","Mercearia","Cartão Platina"
"07/18/2019","Restaurante de Brunch","8.82","Débito","Restaurantes","Cartão Platina"
"07/19/2019","Cartão de Crédito","115.52","Crédito","Cartão de Crédito","Cartão Platina"
"07/19/2019","Salário Quinzenal","2250","Crédito","Salário","Verificando pagamento"
"07/19/2019","Mexican Restaurant","28","Débito","Restaurantes","Cartão Platina"
"07/22/2019","Cartão de Crédito","257.08","Crédito","Cartão de Crédito","Cartão Prateado"
"07/22/2019","Thai Restaurant","26.67","Débito","Restaurantes","Cartão Prateado"
"07/23/2019","Cartão de Crédito","257.08","Débito","Cartão de Crédito","Verificando pagamento"
"07/24/2019","Starbucks","2.5","Débito","Cafés","Cartão Prateado"
"07/27/2019","Barbershop","30","Débito","Corte de Cabelo","Cartão Prateado"
"07/28/2019","Loja de Ferragens","44.31","Débito","Melhorias em Casa","Cartão Platina"
"07/29/2019","Supermercado","5.35","Débito","Mercearia","Cartão Platina"
"07/29/2019","Fancy Restaurant","44.92","Débito","Restaurantes","Cartão Prateado"
"07/30/2019","Supermercado","15.77","Débito","Mercearia","Cartão Platina"
"07/30/2019","Provedor de Serviços de Internet","75","Débito","Internet","Verificando pagamento"
"08/01/2019","Amazon","13.09","Débito","Compras","Cartão Platina"
"08/02/2019","Pagamento da IPTU","1100","Débito","Hipoteca e Aluguel","Verificando pagamento"
"08/02/2019","Salário Quinzenal","2250","Crédito","Salário","Verificando pagamento"
"08/03/2019","BP","36.36","Débito","Combustível","Cartão Platina"
"08/03/2019","Supermercado","3.96","Débito","Mercearia","Cartão Platina"
"08/03/2019","American Tavern","23.47","Débito","Restaurantes","Cartão Platina"
"08/04/2019","Netflix","13.9","Débito","Television","Cartão Platina"
"08/05/2019","Cervejaria","18","Débito","Bares e Bebidas","Cartão Prateado"
"08/05/2019","Cartão de Crédito","349.28","Crédito","Cartão de Crédito","Cartão Platina"
"08/05/2019","Cartão de Crédito","117.65","Crédito","Cartão de Crédito","Cartão Prateado"
"08/06/2019","Cartão de Crédito","521.17","Débito","Cartão de Crédito","Verificando pagamento"
"08/06/2019","Cartão de Crédito","117.65","Débito","Cartão de Crédito","Verificando pagamento"
"08/06/2019","Loja de Ferragens","125","Débito","Melhorias em Casa","Verificando pagamento"
"08/08/2019","Supermercado","11.72","Débito","Mercearia","Cartão Prateado"
"08/09/2019","Spotify","10.69","Débito","Música","Cartão Platina"
"08/09/2019","Gas Company","30","Débito","Serviços Públicos","Verificando pagamento"
"08/12/2019","Phone Company","65","Débito","Conta Telefonica","Verificando pagamento"
"08/12/2019","Thai Restaurant","26.67","Débito","Restaurantes","Cartão Prateado"
"08/14/2019","Starbucks","2.75","Débito","Cafés","Cartão Platina"
"08/15/2019","Cartão de Crédito","335.2","Débito","Cartão de Crédito","Verificando pagamento"
"08/15/2019","Companhia de Energia","60","Débito","Serviços Públicos","Verificando pagamento"
"08/16/2019","Salário Quinzenal","2250","Crédito","Salário","Verificando pagamento"
"08/16/2019","Conta de água","35","Débito","Serviços Públicos","Verificando pagamento"
"08/17/2019","Cartão de Crédito","87.17","Crédito","Cartão de Crédito","Cartão Platina"
"08/17/2019","Supermercado","33.15","Débito","Mercearia","Cartão Platina"
"08/17/2019","Barbershop","19","Débito","Corte de Cabelo","Cartão Platina"
"08/17/2019","American Tavern","3.5","Débito","Restaurantes","Cartão Platina"
"08/19/2019","Cartão de Crédito","1248.95","Débito","Cartão de Crédito","Verificando pagamento"
"08/20/2019","State Farm","75","Débito","Auto Insurance","Verificando pagamento"
"08/20/2019","Starbucks","2.75","Débito","Cafés","Cartão Platina"
"08/21/2019","Shell","34.69","Débito","Combustível","Cartão Platina"
"08/23/2019","Starbucks","2.75","Débito","Cafés","Cartão Platina"
"08/25/2019","Restaurante de Brunch","39.43","Débito","Restaurantes","Cartão Platina"
"08/26/2019","Loja de Ferragens","66.75","Débito","Melhorias em Casa","Cartão Prateado"
"08/29/2019","Starbucks","3","Débito","Cafés","Cartão Platina"
"08/30/2019","Starbucks","2.75","Débito","Cafés","Cartão Platina"
"08/30/2019","Provedor de Serviços de Internet","75","Débito","Internet","Verificando pagamento"
"08/30/2019","Salário Quinzenal","2250","Crédito","Salário","Verificando pagamento"
"08/31/2019","Loja de Ferragens","68.04","Débito","Melhorias em Casa","Cartão Platina"
"08/31/2019","Restaurante de Churrasco","41.78","Débito","Restaurantes","Cartão Prateado"
"09/01/2019","Amazon","13.09","Débito","Compras","Cartão Platina"
"09/03/2019","Pagamento da IPTU","1100","Débito","Hipoteca e Aluguel","Verificando pagamento"
"09/03/2019","Fancy Restaurant","41.24","Débito","Restaurantes","Cartão Prateado"
"09/04/2019","Netflix","13.9","Débito","Television","Cartão Platina"
"09/05/2019","Starbucks","3.75","Débito","Cafés","Cartão Platina"
"09/06/2019","Cartão de Crédito","1390.37","Crédito","Cartão de Crédito","Cartão Platina"
"09/06/2019","Cartão de Crédito","1390.37","Débito","Cartão de Crédito","Verificando pagamento"
"09/06/2019","Cartão de Crédito","502.75","Débito","Cartão de Crédito","Verificando pagamento"
"09/07/2019","Cervejaria","12.87","Débito","Bares e Bebidas","Cartão Platina"
"09/08/2019","Cervejaria","19.3","Débito","Bares e Bebidas","Cartão Platina"
"09/09/2019","Shell","28.77","Débito","Combustível","Cartão Platina"
"09/09/2019","Supermercado","65.09","Débito","Mercearia","Cartão Prateado"
"09/09/2019","Loja de Ferragens","26.25","Débito","Melhorias em Casa","Cartão Prateado"
"09/09/2019","Spotify","10.69","Débito","Música","Cartão Platina"
"09/09/2019","Gas Company","30","Débito","Serviços Públicos","Verificando pagamento"
"09/11/2019","Cartão de Crédito","360.56","Crédito","Cartão de Crédito","Cartão Prateado"
"09/11/2019","Phone Company","65","Débito","Conta Telefonica","Verificando pagamento"
"09/12/2019","Cartão de Crédito","360.56","Débito","Cartão de Crédito","Verificando pagamento"
"09/13/2019","Starbucks","2.75","Débito","Cafés","Cartão Platina"
"09/13/2019","Salário Quinzenal","2250","Crédito","Salário","Verificando pagamento"
"09/14/2019","Supermercado","46.44","Débito","Mercearia","Cartão Platina"
"09/15/2019","Amazon","47.66","Débito","Compras","Cartão Platina"
"09/16/2019","Cartão de Crédito","90.57","Débito","Cartão de Crédito","Verificando pagamento"
"09/16/2019","Cartão de Crédito","90.57","Crédito","Cartão de Crédito","Cartão Prateado"
"09/16/2019","Conta de água","35","Débito","Serviços Públicos","Verificando pagamento"
"09/17/2019","Cartão de Crédito","186.13","Crédito","Cartão de Crédito","Cartão Platina"
"09/17/2019","Companhia de Energia","60","Débito","Serviços Públicos","Verificando pagamento"
"09/18/2019","State Farm","75","Débito","Auto Insurance","Verificando pagamento"
"09/18/2019","Cartão de Crédito","1606.46","Débito","Cartão de Crédito","Verificando pagamento"
"09/19/2019","Cervejaria","40.81","Débito","Bares e Bebidas","Cartão Platina"
"09/19/2019","Starbucks","2.75","Débito","Cafés","Cartão Platina"
"09/20/2019","Cartão de Crédito","9.43","Crédito","Cartão de Crédito","Cartão Prateado"
"09/22/2019","Seafood Restaurant","131.1","Débito","Restaurantes","Cartão Platina"
"09/23/2019","Cartão de Crédito","9.43","Débito","Cartão de Crédito","Verificando pagamento"
"09/23/2019","Supermercado","27.71","Débito","Mercearia","Cartão Platina"
"09/23/2019","Amazon","24.63","Débito","Compras","Cartão Platina"
"09/27/2019","Salário Quinzenal","2250","Crédito","Salário","Verificando pagamento"
"09/28/2019","BP","33.46","Débito","Combustível","Cartão Platina"
"09/28/2019","Sheetz","4.27","Débito","Combustível","Cartão Platina"
"09/30/2019","Starbucks","1.75","Débito","Cafés","Cartão Platina"
"09/30/2019","Provedor de Serviços de Internet","75","Débito","Internet","Verificando pagamento"
